feature,IC_mean,IC_std,ICIR,t_stat,pct_positive,n_bars,weight,active
A1_bar_reversal,0.04617,0.13879,0.333,17.504,0.632,2768,0.3927,True
E1_residual,0.02865,0.14446,0.198,10.328,0.577,2712,0.2436,True
A2_short_rev,0.02863,0.14766,0.194,10.154,0.581,2742,0.2435,True
F1_circuit_proximity,0.00327,0.15102,0.022,1.141,0.508,2774,0.0278,True
C1_vol_shock,0.00262,0.12271,0.021,1.037,0.501,2369,0.0222,True
B1_vwap,0.00086,0.14888,0.006,0.301,0.487,2702,0.0,False
D1_vol_burst,-0.00824,0.11973,-0.069,-3.623,0.477,2768,-0.0701,True
